METRIC,MEDIAN,CI_LOW,CI_HIGH
AGREEMENT,0.862745098,0.764705882,0.941176471
AUC,0.868338558,0.771159875,0.948275862
KAPPA,0.724749422,0.530674847,0.882035466