METRIC,MEDIAN,CI_LOW,CI_HIGH
AGREEMENT,0.8820059,0.84660767,0.914454277
AUC,0.882656351,0.847183269,0.915539706
KAPPA,0.759113195,0.688722519,0.824486162