METRIC,MEDIAN,CI_LOW,CI_HIGH
AGREEMENT,0.897959184,0.795918367,0.979591837
AUC,0.898989899,0.802083333,0.977272727
KAPPA,0.794635373,0.594286214,0.958579882