METRIC,MEDIAN,CI_LOW,CI_HIGH
AGREEMENT,0.873278237,0.837465565,0.909090909
AUC,0.874312758,0.838399272,0.908378108
KAPPA,0.741164435,0.667694018,0.814137872