METRIC,MEDIAN,CI_LOW,CI_HIGH
AGREEMENT,0.941176471,0.862745098,1
AUC,0.853723404,0.603723404,1
KAPPA,0.634844869,0.234234234,1