METRIC,MEDIAN,CI_LOW,CI_HIGH
AGREEMENT,0.908554572,0.876106195,0.938053097
AUC,0.867162052,0.795535169,0.928719208
KAPPA,0.577865982,0.461547506,0.696804618