METRIC,MEDIAN,CI_LOW,CI_HIGH
AGREEMENT,0.897959184,0.795918367,0.959693878
AUC,0.865909091,0.643181818,0.977272727
KAPPA,0.560143627,0.243243243,0.812485678