METRIC,MEDIAN,CI_LOW,CI_HIGH
AGREEMENT,0.909090909,0.8815427,0.933953168
AUC,0.86969697,0.796969697,0.93030303
KAPPA,0.573059361,0.460377358,0.678873762