METRIC,MEDIAN,CI_LOW,CI_HIGH
AGREEMENT,0.901960784,0.843137255,0.960784314
AUC,0.589130435,0.47826087,0.8
KAPPA,0.243323442,-0.059347181,0.73015873