METRIC,MEDIAN,CI_LOW,CI_HIGH
AGREEMENT,0.87020649,0.855457227,0.884955752
AUC,0.557345361,0.517353952,0.607710481
KAPPA,0.173573866,0.056210605,0.310765477