METRIC,MEDIAN,CI_LOW,CI_HIGH
AGREEMENT,0.795918367,0.734693878,0.857142857
AUC,0.615384615,0.5,0.730769231
KAPPA,0.305949008,0,0.557419355