METRIC,MEDIAN,CI_LOW,CI_HIGH
AGREEMENT,0.878787879,0.865013774,0.892561983
AUC,0.538155136,0.503249476,0.585744235
KAPPA,0.117932934,0.010348857,0.25743509