METRIC,MEDIAN,CI_LOW,CI_HIGH
AGREEMENT,0.843137255,0.744607843,0.921568627
AUC,0.864309211,0.764802632,0.9375
KAPPA,0.684698609,0.489099517,0.839116719