METRIC,MEDIAN,CI_LOW,CI_HIGH
AGREEMENT,0.843657817,0.805309735,0.879056047
AUC,0.847961957,0.808362772,0.88544837
KAPPA,0.66609675,0.586696778,0.74332933