METRIC,MEDIAN,CI_LOW,CI_HIGH
AGREEMENT,0.836734694,0.734693878,0.93877551
AUC,0.838793103,0.729310345,0.932758621
KAPPA,0.667232598,0.45508982,0.87228497