METRIC,MEDIAN,CI_LOW,CI_HIGH
AGREEMENT,0.837465565,0.798898072,0.873278237
AUC,0.843495935,0.804519817,0.880386179
KAPPA,0.655669705,0.574187815,0.727977171